Nim,Nama,Kehadiran1,TP1,TA1,Praktikum1,Jurnal1,Kehadiran2,TP2,TA2,Praktikum2,Jurnal2,Kehadiran3,TP3,TA3,Praktikum3,Jurnal3
1010xxxxx0010,DEZA RAHMATULLAH ZAMHARI,Hadir,100,100,95,97.5,Hadir,95,80,95,87.5,Hadir,95,80,95,87.5
1010xxxxx0050,FARISYA ZEINA AZZAHRA,Hadir,100,100,95,97.5,Hadir,90,80,95,82.5,Hadir,90,80,95,82.5
1010xxxxx0116,ATILLAH ATASYAH BAHSYAR,Hadir,100,100,95,97.5,Hadir,90,60,95,72.5,Hadir,90,60,95,72.5
1010xxxxx0017,KOMALA CHADYJAH,Hadir,100,100,95,97.5,Hadir,95,50,95,85,Hadir,95,50,95,85
1010xxxxx0093,DAIZ NASZRULLAH,Hadir,100,100,95,97.5,Hadir,95,90,95,80,Hadir,95,90,95,80
1010xxxxx0045,LAURA DEALOVA WARDAHANI,Hadir,100,100,95,97.5,Hadir,95,50,95,80,Hadir,95,50,95,80
1010xxxxx0120,MUH. RIZKY AL FATHIR,Hadir,100,100,95,97.5,Hadir,95,60,95,75,Hadir,95,60,95,75
1010xxxxx0018,ARJUNA DARMA WASGUNA,Hadir,100,100,95,97.5,Hadir,90,50,80,65,Hadir,90,50,80,65
1010xxxxx0047,FAKHRII VIO FARIANSYAH,Hadir,100,100,95,97.5,Hadir,80,100,95,75,Hadir,80,100,95,75
1010xxxxx0002,NAZELIA SILVANTRY,Hadir,100,100,95,97.5,Hadir,88,100,95,80,Hadir,88,100,95,80
1010xxxxx0036,NAUFAL RAMADHAN,Hadir,100,100,95,97.5,Absen,90,0,0,0,Absen,90,0,0,0
1010xxxxx0012,BRIANT CHRISTIAN VALDO,Hadir,100,100,95,97.5,Hadir,80,80,95,85,Hadir,80,80,95,85
1010xxxxx0057,CINTA NABILA,Hadir,100,100,95,97.5,Hadir,75,50,95,60,Hadir,75,50,95,60
1010xxxxx0005,ADITYA WARMAN,Hadir,100,100,95,97.5,Hadir,90,40,95,60,Hadir,90,40,95,60
1010xxxxx0020,KHALILA IRSALINA HERIAWAN,Hadir,100,100,95,97.5,Hadir,90,50,95,75,Hadir,90,50,95,75
1010xxxxx0071,RAISHA MAULIDA SETIANTO,Hadir,100,100,95,97.5,Hadir,90,40,95,70,Hadir,90,40,95,70
1010xxxxx0012,RAIHANAH NAILA IMTINAN,Hadir,100,100,95,97.5,Hadir,80,30,95,75,Hadir,80,30,95,75
1010xxxxx0008,RANES MAULANA ALFARIZI,Hadir,100,100,95,97.5,Hadir,90,100,95,90,Hadir,90,100,77,90
1010xxxxx0074,SINAGA ARFAN SARIDO,Hadir,100,100,95,97.5,Hadir,80,80,95,85,Hadir,80,80,95,85
1010xxxxx0105,MUHAMMAD FACHRI PRAMADHAN,Hadir,100,100,95,97.5,Hadir,75,80,95,85,Hadir,75,80,95,85
1010xxxxx0016,RENARD RELBY RYANTO,Hadir,100,100,95,97.5,Hadir,100,90,95,82.5,Hadir,100,90,95,82.5
1010xxxxx0023,GHAITSA SALSABILA FIRDAUS,Hadir,100,100,95,97.5,Hadir,85,70,95,97.5,Hadir,85,70,95,97.5
1010xxxxx0055,ABQAR AZIZ BUDI SASONGKO,Hadir,100,100,95,97.5,Hadir,85,60,95,70,Hadir,85,60,95,70
1010xxxxx0079,KHADHRAA ASHIILAH PRATIWI,Hadir,100,100,95,97.5,Hadir,0,30,95,55,Hadir,0,30,95,55
1010xxxxx0021,DZAKY AULIA PRATAMA,Hadir,100,100,95,97.5,Absen,80,0,0,0,Absen,80,0,0,0
1010xxxxx0087,HANIF ADHA SETIAWAN,Hadir,100,100,95,97.5,Hadir,85,40,95,62.5,Hadir,85,40,95,62.5
1010xxxxx0031,VERLITA FEBRILIAN MIRANDILA,Hadir,100,100,95,97.5,Hadir,80,30,80,75,Hadir,80,30,80,75
1010xxxxx0083,MUHAMMAD MALIK AL-FATTAN,Hadir,100,100,95,97.5,Hadir,80,90,80,75,Hadir,80,90,80,75
1010xxxxx0019,NAILA KIRANA RASYIDA,Hadir,100,100,95,97.5,Hadir,85,70,95,55,Hadir,85,70,95,55
1010xxxxx0092,AYU PUSPA KARTIKA CAHYA NINGRUM,Hadir,100,100,95,97.5,Hadir,80,50,95,62.5,Hadir,80,50,95,62.5
1010xxxxx0110,MUHAMMAD RIFQI NOURAFFA KARIM,Hadir,100,100,95,97.5,Hadir,75,70,95,62.5,Hadir,75,70,95,62.5
1010xxxxx0080,SULAIMAN SYARIF,Hadir,100,100,95,97.5,Hadir,80,80,95,85,Hadir,80,80,95,85
1010xxxxx0119,MUHAMMAD AL FACHRY,Hadir,100,100,95,97.5,Hadir,85,90,95,82.5,Hadir,85,90,95,82.5
1010xxxxx0109,LISTYO RIDHO HAFIDZ ARRASYIDI,Hadir,100,100,95,97.5,Hadir,85,70,95,80,Hadir,85,70,95,80
1010xxxxx0027,HASNA ZAHRATUN MAIRA,Hadir,100,100,95,97.5,Hadir,85,80,95,75,Hadir,85,80,95,75
1010xxxxx0100,ADINDA ALYSHA ZAHRATURRAYYAN,Hadir,100,100,95,97.5,Hadir,95,100,95,82.5,Hadir,95,100,95,82.5
1010xxxxx0020,ABIYAN SAKHA FIRDAUZY SEIHAN,Hadir,100,100,95,97.5,Hadir,90,90,95,72.5,Hadir,90,90,95,72.5
1010xxxxx0062,MEZZALUNA PRASASTY ABDULLAH,Hadir,100,100,95,97.5,Hadir,80,60,95,55,Hadir,80,60,95,55
1010xxxxx0035,CHRISTOPHER JUANICO AYUHARJO,Hadir,100,100,95,97.5,Hadir,90,70,95,85,Hadir,90,70,95,85
1010xxxxx0097,RASENDRIA RAIFA FADILLAH,Hadir,100,100,95,97.5,Hadir,80,60,95,80,Hadir,80,60,95,80
1010xxxxx0008,SHAKILA DWINATA,Hadir,100,100,95,97.5,Hadir,85,70,95,70,Hadir,85,70,95,70
1010xxxxx0070,NATHIFA BILQIS ZAAFIRA,Hadir,100,100,95,97.5,Hadir,90,90,95,92.5,Hadir,90,90,95,92.5
1010xxxxx0029,HANAFI SHAHPUTRA,Hadir,100,100,95,97.5,Hadir,80,40,95,67.5,Hadir,80,40,95,67.5
1010xxxxx0016,MUHAMMAD IRWANA,Hadir,100,100,95,97.5,Hadir,80,50,95,52.5,Hadir,80,50,95,52.5
1010xxxxx0039,MARISSAHA SYLVIA,Hadir,100,100,95,97.5,Hadir,0,40,95,65,Hadir,0,40,95,65
1010xxxxx0009,GILANG ADITYA PUTRA,Hadir,100,100,95,97.5,Hadir,70,40,95,82.5,Hadir,70,40,95,82.5
1010xxxxx0091,FAREL ZIVA PUTRA PRATAMA,Hadir,100,100,95,97.5,Hadir,70,30,95,55,Hadir,70,30,95,55
1010xxxxx0044,AYU RUSYDA HAUNA,Hadir,100,100,95,97.5,Hadir,80,70,95,77.5,Hadir,80,70,95,77.5
1010xxxxx0040,SYAFIQ NASIR AHMAD,Hadir,100,100,95,97.5,Hadir,100,90,95,92.5,Hadir,100,90,95,92.5
1010xxxxx0078,NAZWA AULIA KAMMADATU,Hadir,100,100,95,97.5,Hadir,90,50,95,70,Hadir,90,50,95,70
1010xxxxx0063,RAKAN MUHAMMAD ABRAR FAUZI,Hadir,100,100,95,97.5,Hadir,95,80,95,85,Hadir,95,80,95,85
1010xxxxx0004,ADLY KHAIRI PARINDURI,Hadir,100,100,95,97.5,Hadir,95,100,95,82.5,Hadir,95,100,95,82.5
1010xxxxx0056,AMELIANA KANIADEWI,Hadir,100,100,95,97.5,Hadir,95,80,95,72.5,Hadir,95,80,95,72.5
1010xxxxx0053,MIFDA KAMIEL AL MIZAN,Hadir,100,100,95,97.5,Hadir,95,60,95,50,Hadir,95,60,95,50
1010xxxxx0115,MUHAMMAD ALLUM,Hadir,100,100,95,97.5,Hadir,87,30,87.5,47.5,Hadir,87,30,87.5,47.5
1010xxxxx0090,KEYZA AVISA HIDAYAH,Hadir,100,100,95,97.5,Hadir,85,50,91.25,47.5,Hadir,85,50,91.25,47.5
1010xxxxx0082,ANDRI SEVCHENKO,Hadir,100,100,95,97.5,Hadir,75,50,95,65,Hadir,75,50,95,65
1010xxxxx0068,LINGGA ARDANA ARKANANTA FATIH,Hadir,100,100,95,97.5,Hadir,85,50,95,57.5,Hadir,85,50,95,57.5
1010xxxxx0022,ELIANA CHRISANTA WIJAYA,Hadir,100,100,95,97.5,Hadir,92,60,95,87.5,Hadir,92,60,95,87.5
1010xxxxx0025,GANDHI MAULANA,Hadir,100,100,95,97.5,Hadir,97,90,95,92.5,Hadir,97,90,95,92.5
1010xxxxx0077,BAGASTYO WIKO,Hadir,100,100,95,97.5,Hadir,83,70,95,87.5,Hadir,83,70,95,87.5
1010xxxxx0017,ANDHINI CHINTYA VELLICYA. S,Hadir,100,100,95,97.5,Hadir,90,80,95,92.5,Hadir,90,80,95,92.5
1010xxxxx0101,ANTONIUS SALVATORES LENGI LADO,Hadir,100,100,95,97.5,Hadir,78,60,95,92.5,Hadir,78,60,95,92.5
1010xxxxx0048,RIA CINDY ARYANI,Hadir,100,100,95,97.5,Hadir,95,80,95,97.5,Hadir,95,80,95,97.5
1010xxxxx0065,ALEX ARIJ OKTASUWARNO,Hadir,100,100,95,97.5,Hadir,93,60,95,80,Hadir,93,60,95,80
1010xxxxx0019,AMMAR FADHLURRAHMAN,Hadir,100,100,95,97.5,Hadir,78,50,95,65,Hadir,78,50,95,65
1010xxxxx0088,MUH. ADZKA FADLILLAH,Hadir,100,100,95,97.5,Hadir,90,60,95,85,Hadir,90,60,95,85
1010xxxxx0072,IRA REVALIAWANTI,Hadir,100,100,95,97.5,Hadir,91,80,95,80,Hadir,91,80,95,80
1010xxxxx0003,SYAFINA HANIF AAMIRA,Hadir,100,100,95,97.5,Hadir,100,100,95,70,Hadir,100,100,95,70
1010xxxxx0006,MUHAMMAD FATHIR MAULANA,Hadir,100,100,95,97.5,Hadir,100,70,95,65,Hadir,100,70,95,65
1010xxxxx0084,IRSYAD FATURROHMAN,Hadir,100,100,95,97.5,Hadir,100,40,95,65,Hadir,100,40,95,65
1010xxxxx0058,RANGGA JULIAN WINATA,Absen,100,0,0,0,Hadir,95,90,95,77.5,Hadir,95,90,95,77.5
1010xxxxx0049,RIO NOVALINO,Hadir,100,100,95,97.5,Hadir,95,60,95,87.5,Hadir,95,60,95,87.5
1010xxxxx0051,EVRILLIA BALQIS,Hadir,100,100,95,97.5,Hadir,95,40,95,72.5,Hadir,95,40,95,72.5
1010xxxxx0021,MUHAMMAD REZZA PAHLEVI,Hadir,100,100,95,97.5,Hadir,80,20,91.25,67.5,Hadir,80,20,91.25,67.5
1010xxxxx0106,SAFIRA LUTHFIYANI,Hadir,100,100,95,97.5,Absen,90,0,0,0,Absen,90,0,0,0
1010xxxxx0001,VALENT SEBASTIAN PANGARIBUAN,Hadir,100,100,95,97.5,Hadir,85,20,92.5,57.5,Hadir,85,20,92.5,57.5
1010xxxxx0033,RISMA ANASTASYA AMANDA PUTRI,Hadir,100,100,95,97.5,Hadir,95,90,95,82.5,Hadir,95,90,95,82.5
1010xxxxx0009,ARSAL QADRI MAHDYKA RIFQI TANJUNG,Hadir,100,100,95,97.5,Hadir,95,40,95,62.5,Hadir,95,40,95,62.5
1010xxxxx0107,MAULANA RAFIE RAHMADA,Hadir,100,100,95,97.5,Hadir,95,40,95,55,Hadir,95,40,95,55
1010xxxxx0096,VIORA KAHLA KHALISA,Hadir,100,100,95,97.5,Hadir,92,40,95,67.5,Hadir,92,40,95,67.5
1010xxxxx0002,HABIBATUL MARHAMAH HARAHAP,Hadir,100,100,95,97.5,Hadir,91,90,95,82.5,Hadir,91,90,95,82.5
1010xxxxx0006,DELVIO ANDREANO,Hadir,100,100,95,97.5,Hadir,92,100,95,77.5,Hadir,92,100,95,77.5
1010xxxxx0030,FAHRI DAFA KHISBULLAH,Hadir,100,100,95,97.5,Hadir,80,70,95,65,Hadir,80,70,95,65
1010xxxxx0041,ALIYA ZAHRA RAMADHANI,Hadir,100,100,95,97.5,Absen,0,0,0,0,Absen,0,0,0,0
1010xxxxx0064,ALYA ZAHRA PRADITA,Hadir,100,100,95,97.5,Hadir,80,60,95,60,Hadir,80,60,95,60
1010xxxxx0117,ALFY SYAHRI RAMADHAN,Hadir,100,100,95,97.5,Hadir,90,60,95,75,Hadir,90,60,95,75
1010xxxxx0011,MUHAMMAD FAREL ALFATHONY,Hadir,100,100,95,97.5,Hadir,90,90,95,85,Hadir,90,90,95,85
1010xxxxx0014,LUTHFIYYAH NAFISAH,Hadir,100,100,95,97.5,Hadir,90,50,95,65,Hadir,90,50,95,65
1010xxxxx0026,FATHIA NUR ASSYIFA,Hadir,100,100,95,97.5,Hadir,85,40,91.25,55,Hadir,85,40,91.25,55
1010xxxxx0102,KEYSIA SALISA MAUDY,Hadir,100,100,95,97.5,Hadir,82,80,95,65,Hadir,82,80,95,65
1010xxxxx0081,DANISH GHUFRAN,Hadir,100,100,95,97.5,Hadir,78,0,87.5,57.5,Hadir,78,0,87.5,57.5
1010xxxxx0014,SYAHREZADE DYAH NARESWARI,Hadir,100,100,95,97.5,Hadir,85,60,95,97.5,Hadir,85,60,95,97.5
1010xxxxx0075,RAFA ATHALA ARIQ,Hadir,100,100,95,97.5,Hadir,88,30,95,92.5,Hadir,88,30,95,92.5
1010xxxxx0099,ANDIKA SALASA PUTRA,Hadir,100,100,95,97.5,Hadir,80,80,95,92.5,Hadir,80,80,95,92.5
1010xxxxx0046,SANI PITRI LESTARI,Hadir,100,100,95,97.5,Hadir,90,60,95,70,Hadir,90,60,95,70
1010xxxxx0042,EMBUN NURA JABINA,Hadir,100,100,95,97.5,Hadir,90,50,95,67.5,Hadir,90,50,95,67.5
1010xxxxx0121,AMWAL NAZKY AMIR,Hadir,100,100,95,97.5,Hadir,90,70,95,80,Hadir,90,70,95,80
1010xxxxx0059,CLARINE YUANISRA TIRTA JANIS,Hadir,100,100,95,97.5,Hadir,90,60,95,85,Hadir,90,60,95,85
1010xxxxx0038,HAFIZH ALTHAF MARDIANA,Absen,100,0,0,0,Absen,0,0,0,0,Absen,0,0,0,0
1010xxxxx0094,RYU SATRIYO KUSWORO,Hadir,100,100,95,97.5,Hadir,90,90,95,85,Hadir,90,90,95,85
1010xxxxx0066,NABILAH,Hadir,100,100,95,97.5,Hadir,95,90,91.25,75,Hadir,95,90,91.25,75
1010xxxxx0032,MUHAMMAD RANU AZURI,Hadir,100,100,95,97.5,Hadir,60,70,95,82.5,Hadir,60,70,95,82.5
1010xxxxx0112,JULIO ADRIAN RUMAWUNG,Hadir,100,100,95,97.5,Hadir,95,60,91.25,80,Hadir,95,60,91.25,80
1010xxxxx0029,FARID SANTOSO WIBOWO,Hadir,100,100,95,97.5,Hadir,85,60,95,80,Hadir,85,60,95,80
1010xxxxx0069,RADEN RAYA PUTRI ARDIVA,Hadir,100,100,95,97.5,Hadir,95,60,95,70,Hadir,95,60,95,70
1010xxxxx0118,MUHAMMAD NIZAR FAIQ SAFARAZ,Hadir,100,100,95,97.5,Hadir,98,70,95,92.5,Hadir,98,70,95,92.5
1010xxxxx0024,YOSEPH MORALIES ARITONANG,Hadir,100,100,95,97.5,Hadir,85,60,95,47.5,Hadir,85,60,95,47.5
1010xxxxx0007,SEKAR PUSPITADEWI SRIBAWONO,Hadir,100,100,95,97.5,Hadir,95,60,95,75,Hadir,95,60,95,75
1010xxxxx0028,BALYA ABIYYI ZUFAR NUGROHO,Hadir,100,100,95,97.5,Hadir,85,40,95,75,Hadir,85,40,95,75
1010xxxxx0007,KHAIRANA AZ-ZAHRA,Hadir,100,100,95,97.5,Hadir,92,70,91.25,80,Hadir,92,70,91.25,80
1010xxxxx0011,SILVIA AJENG PRATIWI,Hadir,100,100,95,97.5,Hadir,85,60,91.25,75,Hadir,85,60,91.25,75
1010xxxxx0095,MUHAMMAD FATHI SAFIR ATHALLAH,Hadir,100,100,95,97.5,Hadir,85,50,91.25,75,Hadir,85,50,91.25,75
1010xxxxx0034,DAFI HASYID DANURHADI,Hadir,100,100,95,97.5,Hadir,95,30,95,45,Hadir,95,30,95,45
1010xxxxx0111,AISKA ALODIA ELFARETA SANDY,Hadir,100,100,95,97.5,Hadir,95,80,95,70,Hadir,95,80,95,70
1010xxxxx0076,RIZKY NASRULLAH,Hadir,100,100,95,97.5,Hadir,95,90,95,75,Hadir,95,90,95,75
1010xxxxx0018,PANCRATIUS DEODATUS SEDA LAKI,Hadir,100,100,95,97.5,Hadir,90,70,95,65,Hadir,90,70,95,65
1010xxxxx0113,DYLAN CHRISTMAS KANDIO,Hadir,100,100,95,97.5,Hadir,98,40,95,60,Hadir,98,40,95,60
1010xxxxx0089,LAVENIA ILMA AULYA,Hadir,100,100,95,97.5,Hadir,100,80,95,70,Hadir,100,80,95,70
1010xxxxx0123,AGHISTIA AL-FARIZA RIZQI,Hadir,100,100,95,97.5,Hadir,92,20,95,70,Hadir,92,20,95,70
1010xxxxx0073,CAESA JULIANNE AZKIA HUWAIDA,Hadir,100,100,95,97.5,Hadir,82,60,83.75,65,Hadir,82,60,83.75,65
1010xxxxx0061,ALMA NURSYIFA ARFAH SETIAWAN,Hadir,100,100,95,97.5,Hadir,78,60,72.5,60,Hadir,78,60,72.5,60
1010xxxxx0067,ADYAGHAZA AL FIKRI,Hadir,100,100,95,97.5,Hadir,92,70,95,60,Hadir,92,70,95,60
1010xxxxx0004,MUHAMMAD SAID FAISAL,Hadir,100,100,95,97.5,Hadir,97,40,95,75,Hadir,97,40,95,75
1010xxxxx0015,UMAR ABDUL AZIS,Hadir,100,100,95,97.5,Hadir,95,70,95,80,Hadir,95,70,95,80
1010xxxxx0098,KAYLA AYORIN RAZINATUL AZMI,Hadir,100,100,95,97.5,Hadir,97,90,95,75,Hadir,97,90,95,75
1010xxxxx0052,FAVIAN WIRYA MAHAGRA,Hadir,100,100,95,97.5,,,,,,,,,,
1010xxxxx0122,GHAZALI HABIB AL-FATTAH MARADJABESSY,Hadir,100,100,95,97.5,,,,,,,,,,
1010xxxxx0001,SHEVANDA HAZRI,Hadir,100,100,95,97.5,,,,,,,,,,
1010xxxxx0013,MUHAMMADOU DIARRA,Hadir,100,100,95,97.5,Hadir,85,70,83.75,75,Hadir,85,70,83.75,75
1010xxxxx0015,HUMAIROH CALISTA PUTRI,Hadir,100,100,95,97.5,Hadir,90,30,83.75,50,Hadir,90,30,83.75,50
1010xxxxx0071,AUDREY GRACIA KNEAZEVA SITORUS,Hadir,100,100,95,97.5,Hadir,85,70,83.75,75,Hadir,85,70,83.75,75
1010xxxxx0075,MIKHAEL MOKALU,Hadir,100,100,95,97.5,Hadir,0,40,91.25,75,Hadir,0,40,91.25,75
1010xxxxx0010,MOCHAMMAD AKMAL SUPRIADI,Hadir,100,100,95,97.5,Hadir,94,80,95,75,Hadir,94,80,95,75
1010xxxxx0005,FATHIYA FAIRUZ ZAFRANI,Hadir,100,100,95,97.5,Hadir,96,60,95,70,Hadir,96,60,95,70
1010xxxxx0108,ZAID,Hadir,100,100,95,97.5,Hadir,91,40,95,50,Hadir,91,40,95,50
1010xxxxx0103,DIYANAH AZIZAH SOLIHAT,Hadir,100,100,95,97.5,Hadir,95,80,95,67.5,Hadir,95,80,95,67.5
1010xxxxx0085,RAKHA ANWAR,Hadir,100,100,95,97.5,Hadir,90,40,95,67.5,Hadir,90,40,95,67.5
1010xxxxx0037,HAYA JAIDA YUDISTIRA,Hadir,100,100,95,97.5,Hadir,90,80,95,80,Hadir,90,80,95,80
1010xxxxx0013,MUHAMMAD RENGGA AL FATHIR FIRDAUS,Hadir,100,100,95,97.5,Hadir,90,50,95,55,Hadir,90,50,95,55
1010xxxxx0043,SYAHARANI BILBINA RAYYA,Hadir,100,100,95,97.5,Hadir,100,90,95,80,Hadir,100,90,95,80
1010xxxxx0217,ZAKI GHAISAN KOSWARA,Hadir,100,100,95,97.5,Hadir,95,70,95,65,Hadir,95,70,95,65
1010xxxxx0054,NURUL SYAFIKA,Hadir,100,100,95,97.5,Hadir,95,50,95,65,Hadir,95,50,95,65
1010xxxxx0003,WINNER PRAYANDI NAPITUPULU,Hadir,100,100,95,97.5,Hadir,95,60,95,50,Hadir,95,60,95,50
1010xxxxx0060,MUHAMMAD RIZQI MULIAWAN,Hadir,100,100,95,97.5,Hadir,95,50,95,55,Hadir,95,50,95,55
1010xxxxx0086,EVAN AHMAD FAWWAZ,Hadir,100,100,95,97.5,Hadir,95,60,95,92.5,Hadir,95,60,95,92.5
1010xxxxx0104,RATASYA NAZWA AZZAHRA,Hadir,100,100,95,97.5,Hadir,95,60,95,60,Hadir,95,60,95,60
1010xxxxx0114,SYARIFAH NURHIDAYAH RASID,Hadir,100,100,95,97.5,Hadir,95,100,95,87.5,Hadir,95,100,95,87.5